{"cameraMode":{"drawMode":0,"name":"Shaded","section":"Shading Mode"},"sceneLighting":true,"audioPlay":false,"sceneViewState":{"m_AlwaysRefresh":false,"showFog":true,"showSkybox":true,"showFlares":true,"showImageEffects":true,"showParticleSystems":true,"showVisualEffectGraphs":true,"m_FxEnabled":true},"in2DMode":false,"pivot":{"x":-5.847989082336426,"y":5.498992919921875,"z":27.489547729492189},"rotation":{"x":0.13854601979255677,"y":0.08457177877426148,"z":-0.011862496845424176,"w":0.9867028594017029},"size":39.46916198730469,"orthographic":false}